[{"model": "admin.logentry", "pk": 1, "fields": {"action_time": "2021-05-26T16:34:07.937Z", "user": 10, "content_type": 4, "object_id": "1", "object_repr": "test", "action_flag": 3, "change_message": ""}}, {"model": "admin.logentry", "pk": 2, "fields": {"action_time": "2021-05-26T16:34:07.940Z", "user": 10, "content_type": 4, "object_id": "2", "object_repr": "test1", "action_flag": 3, "change_message": ""}}, {"model": "admin.logentry", "pk": 3, "fields": {"action_time": "2021-05-26T16:34:07.942Z", "user": 10, "content_type": 4, "object_id": "3", "object_repr": "test11", "action_flag": 3, "change_message": ""}}, {"model": "admin.logentry", "pk": 4, "fields": {"action_time": "2021-05-26T16:34:07.944Z", "user": 10, "content_type": 4, "object_id": "4", "object_repr": "test111", "action_flag": 3, "change_message": ""}}, {"model": "admin.logentry", "pk": 5, "fields": {"action_time": "2021-05-26T16:34:07.945Z", "user": 10, "content_type": 4, "object_id": "5", "object_repr": "test1111", "action_flag": 3, "change_message": ""}}, {"model": "admin.logentry", "pk": 6, "fields": {"action_time": "2021-05-26T16:34:07.946Z", "user": 10, "content_type": 4, "object_id": "6", "object_repr": "test11111", "action_flag": 3, "change_message": ""}}, {"model": "admin.logentry", "pk": 7, "fields": {"action_time": "2021-05-26T16:34:07.947Z", "user": 10, "content_type": 4, "object_id": "7", "object_repr": "test111111", "action_flag": 3, "change_message": ""}}, {"model": "admin.logentry", "pk": 8, "fields": {"action_time": "2021-05-26T16:34:07.948Z", "user": 10, "content_type": 4, "object_id": "8", "object_repr": "test1111111", "action_flag": 3, "change_message": ""}}, {"model": "admin.logentry", "pk": 9, "fields": {"action_time": "2021-05-26T16:34:07.949Z", "user": 10, "content_type": 4, "object_id": "9", "object_repr": "test111111111", "action_flag": 3, "change_message": ""}}, {"model": "admin.logentry", "pk": 10, "fields": {"action_time": "2021-05-26T16:34:43.205Z", "user": 10, "content_type": 4, "object_id": "10", "object_repr": "admin", "action_flag": 2, "change_message": "[{\"changed\": {\"fields\": [\"First name\", \"Last name\", \"Email address\"]}}]"}}, {"model": "admin.logentry", "pk": 11, "fields": {"action_time": "2021-05-26T20:38:20.568Z", "user": 10, "content_type": 4, "object_id": "12", "object_repr": "12", "action_flag": 3, "change_message": ""}}, {"model": "admin.logentry", "pk": 12, "fields": {"action_time": "2021-05-26T20:38:20.571Z", "user": 10, "content_type": 4, "object_id": "11", "object_repr": "12345", "action_flag": 3, "change_message": ""}}, {"model": "admin.logentry", "pk": 13, "fields": {"action_time": "2021-05-26T20:38:20.572Z", "user": 10, "content_type": 4, "object_id": "13", "object_repr": "123456", "action_flag": 3, "change_message": ""}}, {"model": "admin.logentry", "pk": 14, "fields": {"action_time": "2021-05-26T20:38:20.573Z", "user": 10, "content_type": 4, "object_id": "14", "object_repr": "1234562", "action_flag": 3, "change_message": ""}}, {"model": "admin.logentry", "pk": 15, "fields": {"action_time": "2021-05-26T20:38:20.574Z", "user": 10, "content_type": 4, "object_id": "17", "object_repr": "5555", "action_flag": 3, "change_message": ""}}, {"model": "admin.logentry", "pk": 16, "fields": {"action_time": "2021-05-26T20:38:20.575Z", "user": 10, "content_type": 4, "object_id": "16", "object_repr": "rest", "action_flag": 3, "change_message": ""}}, {"model": "admin.logentry", "pk": 17, "fields": {"action_time": "2021-05-26T20:38:20.576Z", "user": 10, "content_type": 4, "object_id": "15", "object_repr": "tests", "action_flag": 3, "change_message": ""}}, {"model": "admin.logentry", "pk": 18, "fields": {"action_time": "2021-05-26T20:38:20.576Z", "user": 10, "content_type": 4, "object_id": "18", "object_repr": "tete", "action_flag": 3, "change_message": ""}}, {"model": "admin.logentry", "pk": 19, "fields": {"action_time": "2021-05-26T22:48:42.826Z", "user": 10, "content_type": 12, "object_id": "1", "object_repr": "Champagne", "action_flag": 1, "change_message": "[{\"added\": {}}]"}}, {"model": "admin.logentry", "pk": 20, "fields": {"action_time": "2021-05-26T22:48:56.959Z", "user": 10, "content_type": 12, "object_id": "2", "object_repr": "Red Wine", "action_flag": 1, "change_message": "[{\"added\": {}}]"}}, {"model": "admin.logentry", "pk": 21, "fields": {"action_time": "2021-05-26T22:49:07.147Z", "user": 10, "content_type": 12, "object_id": "3", "object_repr": "Rose Wine", "action_flag": 1, "change_message": "[{\"added\": {}}]"}}, {"model": "admin.logentry", "pk": 22, "fields": {"action_time": "2021-05-26T22:49:25.062Z", "user": 10, "content_type": 12, "object_id": "4", "object_repr": "White wine", "action_flag": 1, "change_message": "[{\"added\": {}}]"}}, {"model": "admin.logentry", "pk": 23, "fields": {"action_time": "2021-05-26T22:59:55.619Z", "user": 10, "content_type": 8, "object_id": "1", "object_repr": "Champagne : Moet & Chandon. Brut ⟪Imperial⟫", "action_flag": 1, "change_message": "[{\"added\": {}}]"}}, {"model": "admin.logentry", "pk": 24, "fields": {"action_time": "2021-05-29T17:52:19.735Z", "user": 10, "content_type": 12, "object_id": "5", "object_repr": "Sparkling Wine", "action_flag": 1, "change_message": "[{\"added\": {}}]"}}, {"model": "admin.logentry", "pk": 25, "fields": {"action_time": "2021-05-29T17:52:32.029Z", "user": 10, "content_type": 12, "object_id": "6", "object_repr": "Porto", "action_flag": 1, "change_message": "[{\"added\": {}}]"}}, {"model": "admin.logentry", "pk": 26, "fields": {"action_time": "2021-05-29T17:52:45.349Z", "user": 10, "content_type": 12, "object_id": "7", "object_repr": "Bitter", "action_flag": 1, "change_message": "[{\"added\": {}}]"}}, {"model": "admin.logentry", "pk": 27, "fields": {"action_time": "2021-05-29T17:52:57.065Z", "user": 10, "content_type": 12, "object_id": "8", "object_repr": "Vermouth", "action_flag": 1, "change_message": "[{\"added\": {}}]"}}, {"model": "admin.logentry", "pk": 28, "fields": {"action_time": "2021-05-29T17:53:16.634Z", "user": 10, "content_type": 12, "object_id": "9", "object_repr": "Whiskey", "action_flag": 1, "change_message": "[{\"added\": {}}]"}}, {"model": "admin.logentry", "pk": 29, "fields": {"action_time": "2021-05-29T17:53:24.269Z", "user": 10, "content_type": 12, "object_id": "10", "object_repr": "Rum", "action_flag": 1, "change_message": "[{\"added\": {}}]"}}, {"model": "admin.logentry", "pk": 30, "fields": {"action_time": "2021-05-29T17:53:33.053Z", "user": 10, "content_type": 12, "object_id": "11", "object_repr": "Tequila", "action_flag": 1, "change_message": "[{\"added\": {}}]"}}, {"model": "admin.logentry", "pk": 31, "fields": {"action_time": "2021-05-29T17:53:42.957Z", "user": 10, "content_type": 12, "object_id": "12", "object_repr": "Mezcal", "action_flag": 1, "change_message": "[{\"added\": {}}]"}}, {"model": "admin.logentry", "pk": 32, "fields": {"action_time": "2021-05-29T17:53:51.983Z", "user": 10, "content_type": 12, "object_id": "13", "object_repr": "Gin", "action_flag": 1, "change_message": "[{\"added\": {}}]"}}, {"model": "admin.logentry", "pk": 33, "fields": {"action_time": "2021-05-29T17:53:58.119Z", "user": 10, "content_type": 12, "object_id": "14", "object_repr": "Vodka", "action_flag": 1, "change_message": "[{\"added\": {}}]"}}, {"model": "admin.logentry", "pk": 34, "fields": {"action_time": "2021-05-29T17:54:10.389Z", "user": 10, "content_type": 12, "object_id": "15", "object_repr": "Liquor", "action_flag": 1, "change_message": "[{\"added\": {}}]"}}, {"model": "admin.logentry", "pk": 35, "fields": {"action_time": "2021-05-29T17:54:22.349Z", "user": 10, "content_type": 12, "object_id": "16", "object_repr": "Cocktail", "action_flag": 1, "change_message": "[{\"added\": {}}]"}}, {"model": "admin.logentry", "pk": 37, "fields": {"action_time": "2021-07-09T22:20:07.004Z", "user": 10, "content_type": 25, "object_id": "1", "object_repr": "Test|admin", "action_flag": 1, "change_message": "[{\"added\": {}}]"}}, {"model": "admin.logentry", "pk": 38, "fields": {"action_time": "2021-07-09T22:20:30.882Z", "user": 10, "content_type": 25, "object_id": "2", "object_repr": "Test2|manager", "action_flag": 1, "change_message": "[{\"added\": {}}]"}}, {"model": "admin.logentry", "pk": 39, "fields": {"action_time": "2021-07-14T06:01:06.913Z", "user": 10, "content_type": 4, "object_id": "19", "object_repr": "manager", "action_flag": 3, "change_message": ""}}, {"model": "admin.logentry", "pk": 40, "fields": {"action_time": "2021-07-14T06:02:08.213Z", "user": 10, "content_type": 4, "object_id": "20", "object_repr": "testuser", "action_flag": 2, "change_message": "[{\"changed\": {\"fields\": [\"user_permissions\"]}}]"}}, {"model": "admin.logentry", "pk": 41, "fields": {"action_time": "2021-07-15T13:00:59.952Z", "user": 10, "content_type": 4, "object_id": "20", "object_repr": "testuser", "action_flag": 3, "change_message": ""}}, {"model": "admin.logentry", "pk": 42, "fields": {"action_time": "2021-07-15T14:46:54.774Z", "user": 10, "content_type": 26, "object_id": "1", "object_repr": "Рецептуры напитков", "action_flag": 1, "change_message": "[{\"added\": {}}]"}}, {"model": "admin.logentry", "pk": 43, "fields": {"action_time": "2021-07-15T14:47:53.435Z", "user": 10, "content_type": 26, "object_id": "2", "object_repr": "Заведения", "action_flag": 1, "change_message": "[{\"added\": {}}]"}}, {"model": "admin.logentry", "pk": 44, "fields": {"action_time": "2021-07-15T15:44:10.468Z", "user": 10, "content_type": 26, "object_id": "8", "object_repr": "jbkdjbd", "action_flag": 3, "change_message": ""}}, {"model": "admin.logentry", "pk": 45, "fields": {"action_time": "2021-07-15T15:44:10.471Z", "user": 10, "content_type": 26, "object_id": "7", "object_repr": "jbk", "action_flag": 3, "change_message": ""}}, {"model": "admin.logentry", "pk": 46, "fields": {"action_time": "2021-07-15T15:44:10.472Z", "user": 10, "content_type": 26, "object_id": "6", "object_repr": "test", "action_flag": 3, "change_message": ""}}, {"model": "admin.logentry", "pk": 47, "fields": {"action_time": "2021-07-15T15:44:10.474Z", "user": 10, "content_type": 26, "object_id": "5", "object_repr": "test", "action_flag": 3, "change_message": ""}}, {"model": "admin.logentry", "pk": 48, "fields": {"action_time": "2021-07-15T15:44:10.475Z", "user": 10, "content_type": 26, "object_id": "4", "object_repr": "test", "action_flag": 3, "change_message": ""}}, {"model": "admin.logentry", "pk": 49, "fields": {"action_time": "2021-07-15T15:44:10.477Z", "user": 10, "content_type": 26, "object_id": "3", "object_repr": "test", "action_flag": 3, "change_message": ""}}, {"model": "admin.logentry", "pk": 50, "fields": {"action_time": "2021-07-15T19:33:39.587Z", "user": 10, "content_type": 26, "object_id": "11", "object_repr": "test", "action_flag": 3, "change_message": ""}}, {"model": "admin.logentry", "pk": 51, "fields": {"action_time": "2021-07-21T21:18:17.951Z", "user": 24, "content_type": 4, "object_id": "21", "object_repr": "bob", "action_flag": 3, "change_message": ""}}, {"model": "admin.logentry", "pk": 52, "fields": {"action_time": "2021-07-21T21:18:17.953Z", "user": 24, "content_type": 4, "object_id": "22", "object_repr": "bob2", "action_flag": 3, "change_message": ""}}, {"model": "admin.logentry", "pk": 53, "fields": {"action_time": "2021-07-21T21:18:17.954Z", "user": 24, "content_type": 4, "object_id": "23", "object_repr": "bob3", "action_flag": 3, "change_message": ""}}, {"model": "admin.logentry", "pk": 54, "fields": {"action_time": "2021-07-21T21:18:54.806Z", "user": 24, "content_type": 4, "object_id": "10", "object_repr": "admin", "action_flag": 2, "change_message": "[{\"changed\": {\"fields\": [\"password\"]}}]"}}, {"model": "admin.logentry", "pk": 55, "fields": {"action_time": "2021-07-21T21:19:21.805Z", "user": 24, "content_type": 4, "object_id": "10", "object_repr": "admin", "action_flag": 2, "change_message": "[{\"changed\": {\"fields\": [\"password\"]}}]"}}, {"model": "admin.logentry", "pk": 56, "fields": {"action_time": "2021-07-29T08:17:42.655Z", "user": 10, "content_type": 25, "object_id": "11", "object_repr": "Test img|admin", "action_flag": 3, "change_message": ""}}, {"model": "admin.logentry", "pk": 57, "fields": {"action_time": "2021-07-29T08:17:42.658Z", "user": 10, "content_type": 25, "object_id": "6", "object_repr": "Smth|admin", "action_flag": 3, "change_message": ""}}, {"model": "admin.logentry", "pk": 58, "fields": {"action_time": "2021-07-29T08:17:42.659Z", "user": 10, "content_type": 25, "object_id": "5", "object_repr": "kjdd|admin", "action_flag": 3, "change_message": ""}}, {"model": "admin.logentry", "pk": 59, "fields": {"action_time": "2021-07-29T08:17:42.660Z", "user": 10, "content_type": 25, "object_id": "4", "object_repr": "новая категория|admin", "action_flag": 3, "change_message": ""}}, {"model": "admin.logentry", "pk": 60, "fields": {"action_time": "2021-07-29T08:17:42.661Z", "user": 10, "content_type": 25, "object_id": "2", "object_repr": "testtest3|admin", "action_flag": 3, "change_message": ""}}, {"model": "admin.logentry", "pk": 61, "fields": {"action_time": "2021-07-29T08:17:42.662Z", "user": 10, "content_type": 25, "object_id": "1", "object_repr": "test|admin", "action_flag": 3, "change_message": ""}}, {"model": "admin.logentry", "pk": 62, "fields": {"action_time": "2021-07-29T08:21:26.537Z", "user": 10, "content_type": 25, "object_id": "12", "object_repr": "Test img|admin", "action_flag": 2, "change_message": "[{\"changed\": {\"fields\": [\"like\"]}}]"}}, {"model": "admin.logentry", "pk": 63, "fields": {"action_time": "2021-07-29T08:21:43.100Z", "user": 10, "content_type": 25, "object_id": "12", "object_repr": "Test img|admin", "action_flag": 2, "change_message": "[{\"changed\": {\"fields\": [\"uploaded_image\"]}}]"}}, {"model": "admin.logentry", "pk": 64, "fields": {"action_time": "2021-07-29T08:41:45.953Z", "user": 10, "content_type": 25, "object_id": "14", "object_repr": "nom|admin", "action_flag": 2, "change_message": "[{\"changed\": {\"fields\": [\"uploaded_image\"]}}]"}}, {"model": "admin.logentry", "pk": 65, "fields": {"action_time": "2021-07-29T08:41:59.937Z", "user": 10, "content_type": 25, "object_id": "15", "object_repr": "test img 2|admin", "action_flag": 2, "change_message": "[{\"changed\": {\"fields\": [\"uploaded_image\"]}}]"}}, {"model": "admin.logentry", "pk": 66, "fields": {"action_time": "2021-07-29T09:39:21.055Z", "user": 10, "content_type": 27, "object_id": "1", "object_repr": "admin", "action_flag": 1, "change_message": "[{\"added\": {}}]"}}, {"model": "admin.logentry", "pk": 67, "fields": {"action_time": "2021-08-04T22:59:28.233Z", "user": 10, "content_type": 27, "object_id": "1", "object_repr": "admin", "action_flag": 2, "change_message": "[{\"changed\": {\"fields\": [\"profile_img\"]}}]"}}, {"model": "admin.logentry", "pk": 68, "fields": {"action_time": "2021-08-04T23:05:47.945Z", "user": 10, "content_type": 27, "object_id": "1", "object_repr": "admin", "action_flag": 2, "change_message": "[{\"changed\": {\"fields\": [\"instagram_url\"]}}]"}}, {"model": "admin.logentry", "pk": 69, "fields": {"action_time": "2021-08-05T17:51:22.189Z", "user": 10, "content_type": 27, "object_id": "1", "object_repr": "admin", "action_flag": 2, "change_message": "[{\"changed\": {\"fields\": [\"vk_url\"]}}]"}}, {"model": "admin.logentry", "pk": 70, "fields": {"action_time": "2021-08-05T18:10:49.156Z", "user": 10, "content_type": 27, "object_id": "1", "object_repr": "admin", "action_flag": 2, "change_message": "[{\"changed\": {\"fields\": [\"profile_img\"]}}]"}}, {"model": "admin.logentry", "pk": 71, "fields": {"action_time": "2021-08-05T18:14:12.152Z", "user": 10, "content_type": 27, "object_id": "1", "object_repr": "admin", "action_flag": 2, "change_message": "[{\"changed\": {\"fields\": [\"profile_img\"]}}]"}}, {"model": "admin.logentry", "pk": 72, "fields": {"action_time": "2021-08-05T18:15:48.781Z", "user": 10, "content_type": 27, "object_id": "1", "object_repr": "admin", "action_flag": 2, "change_message": "[{\"changed\": {\"fields\": [\"profile_img\"]}}]"}}, {"model": "admin.logentry", "pk": 73, "fields": {"action_time": "2021-08-05T18:16:01.350Z", "user": 10, "content_type": 27, "object_id": "1", "object_repr": "admin", "action_flag": 2, "change_message": "[{\"changed\": {\"fields\": [\"profile_img\"]}}]"}}, {"model": "admin.logentry", "pk": 74, "fields": {"action_time": "2021-08-06T12:15:30.177Z", "user": 10, "content_type": 27, "object_id": "1", "object_repr": "admin", "action_flag": 2, "change_message": "[{\"changed\": {\"fields\": [\"vk_url\"]}}]"}}, {"model": "admin.logentry", "pk": 75, "fields": {"action_time": "2021-08-06T14:44:29.980Z", "user": 10, "content_type": 27, "object_id": "1", "object_repr": "admin", "action_flag": 2, "change_message": "[{\"changed\": {\"fields\": [\"profile_img\"]}}]"}}, {"model": "admin.logentry", "pk": 76, "fields": {"action_time": "2021-08-06T14:55:21.170Z", "user": 10, "content_type": 28, "object_id": "1", "object_repr": "test image. - Ivan Alexeev", "action_flag": 1, "change_message": "[{\"added\": {}}]"}}, {"model": "admin.logentry", "pk": 77, "fields": {"action_time": "2021-08-11T00:37:09.368Z", "user": 10, "content_type": 28, "object_id": "61", "object_repr": "new test - test1", "action_flag": 1, "change_message": "[{\"added\": {}}]"}}, {"model": "admin.logentry", "pk": 78, "fields": {"action_time": "2021-08-16T14:58:51.701Z", "user": 10, "content_type": 29, "object_id": "1", "object_repr": "Ресторан-клуб", "action_flag": 1, "change_message": "[{\"added\": {}}]"}}, {"model": "admin.logentry", "pk": 79, "fields": {"action_time": "2021-08-16T15:21:36.254Z", "user": 10, "content_type": 30, "object_id": "1", "object_repr": "Усадьба", "action_flag": 1, "change_message": "[{\"added\": {}}]"}}, {"model": "admin.logentry", "pk": 80, "fields": {"action_time": "2021-08-16T19:20:50.456Z", "user": 10, "content_type": 27, "object_id": "2", "object_repr": "bob7", "action_flag": 2, "change_message": "[{\"changed\": {\"fields\": [\"workplace\"]}}]"}}, {"model": "admin.logentry", "pk": 81, "fields": {"action_time": "2021-09-29T07:50:43.281Z", "user": 10, "content_type": 4, "object_id": "29", "object_repr": "Лох", "action_flag": 3, "change_message": ""}}, {"model": "admin.logentry", "pk": 82, "fields": {"action_time": "2021-10-12T03:20:14.768Z", "user": 10, "content_type": 27, "object_id": "1", "object_repr": "admin", "action_flag": 2, "change_message": "[{\"changed\": {\"fields\": [\"workplace\"]}}]"}}, {"model": "admin.logentry", "pk": 83, "fields": {"action_time": "2021-10-12T05:38:08.331Z", "user": 10, "content_type": 31, "object_id": "1", "object_repr": "Дата создания первой вискокурни", "action_flag": 1, "change_message": "[{\"added\": {}}]"}}, {"model": "admin.logentry", "pk": 84, "fields": {"action_time": "2021-10-12T05:38:22.870Z", "user": 10, "content_type": 32, "object_id": "1", "object_repr": "1608", "action_flag": 1, "change_message": "[{\"added\": {}}]"}}, {"model": "admin.logentry", "pk": 85, "fields": {"action_time": "2021-10-12T05:38:34.966Z", "user": 10, "content_type": 32, "object_id": "2", "object_repr": "1680", "action_flag": 1, "change_message": "[{\"added\": {}}]"}}, {"model": "auth.permission", "pk": 1, "fields": {"name": "Can add log entry", "content_type": 1, "codename": "add_logentry"}}, {"model": "auth.permission", "pk": 2, "fields": {"name": "Can change log entry", "content_type": 1, "codename": "change_logentry"}}, {"model": "auth.permission", "pk": 3, "fields": {"name": "Can delete log entry", "content_type": 1, "codename": "delete_logentry"}}, {"model": "auth.permission", "pk": 4, "fields": {"name": "Can view log entry", "content_type": 1, "codename": "view_logentry"}}, {"model": "auth.permission", "pk": 5, "fields": {"name": "Can add permission", "content_type": 2, "codename": "add_permission"}}, {"model": "auth.permission", "pk": 6, "fields": {"name": "Can change permission", "content_type": 2, "codename": "change_permission"}}, {"model": "auth.permission", "pk": 7, "fields": {"name": "Can delete permission", "content_type": 2, "codename": "delete_permission"}}, {"model": "auth.permission", "pk": 8, "fields": {"name": "Can view permission", "content_type": 2, "codename": "view_permission"}}, {"model": "auth.permission", "pk": 9, "fields": {"name": "Can add group", "content_type": 3, "codename": "add_group"}}, {"model": "auth.permission", "pk": 10, "fields": {"name": "Can change group", "content_type": 3, "codename": "change_group"}}, {"model": "auth.permission", "pk": 11, "fields": {"name": "Can delete group", "content_type": 3, "codename": "delete_group"}}, {"model": "auth.permission", "pk": 12, "fields": {"name": "Can view group", "content_type": 3, "codename": "view_group"}}, {"model": "auth.permission", "pk": 13, "fields": {"name": "Can add user", "content_type": 4, "codename": "add_user"}}, {"model": "auth.permission", "pk": 14, "fields": {"name": "Can change user", "content_type": 4, "codename": "change_user"}}, {"model": "auth.permission", "pk": 15, "fields": {"name": "Can delete user", "content_type": 4, "codename": "delete_user"}}, {"model": "auth.permission", "pk": 16, "fields": {"name": "Can view user", "content_type": 4, "codename": "view_user"}}, {"model": "auth.permission", "pk": 17, "fields": {"name": "Can add content type", "content_type": 5, "codename": "add_contenttype"}}, {"model": "auth.permission", "pk": 18, "fields": {"name": "Can change content type", "content_type": 5, "codename": "change_contenttype"}}, {"model": "auth.permission", "pk": 19, "fields": {"name": "Can delete content type", "content_type": 5, "codename": "delete_contenttype"}}, {"model": "auth.permission", "pk": 20, "fields": {"name": "Can view content type", "content_type": 5, "codename": "view_contenttype"}}, {"model": "auth.permission", "pk": 21, "fields": {"name": "Can add session", "content_type": 6, "codename": "add_session"}}, {"model": "auth.permission", "pk": 22, "fields": {"name": "Can change session", "content_type": 6, "codename": "change_session"}}, {"model": "auth.permission", "pk": 23, "fields": {"name": "Can delete session", "content_type": 6, "codename": "delete_session"}}, {"model": "auth.permission", "pk": 24, "fields": {"name": "Can view session", "content_type": 6, "codename": "view_session"}}, {"model": "auth.permission", "pk": 25, "fields": {"name": "Can add captcha store", "content_type": 7, "codename": "add_captchastore"}}, {"model": "auth.permission", "pk": 26, "fields": {"name": "Can change captcha store", "content_type": 7, "codename": "change_captchastore"}}, {"model": "auth.permission", "pk": 27, "fields": {"name": "Can delete captcha store", "content_type": 7, "codename": "delete_captchastore"}}, {"model": "auth.permission", "pk": 28, "fields": {"name": "Can view captcha store", "content_type": 7, "codename": "view_captchastore"}}, {"model": "auth.permission", "pk": 29, "fields": {"name": "Can add champagne", "content_type": 8, "codename": "add_champagne"}}, {"model": "auth.permission", "pk": 30, "fields": {"name": "Can change champagne", "content_type": 8, "codename": "change_champagne"}}, {"model": "auth.permission", "pk": 31, "fields": {"name": "Can delete champagne", "content_type": 8, "codename": "delete_champagne"}}, {"model": "auth.permission", "pk": 32, "fields": {"name": "Can view champagne", "content_type": 8, "codename": "view_champagne"}}, {"model": "auth.permission", "pk": 33, "fields": {"name": "Can add white_wine", "content_type": 9, "codename": "add_white_wine"}}, {"model": "auth.permission", "pk": 34, "fields": {"name": "Can change white_wine", "content_type": 9, "codename": "change_white_wine"}}, {"model": "auth.permission", "pk": 35, "fields": {"name": "Can delete white_wine", "content_type": 9, "codename": "delete_white_wine"}}, {"model": "auth.permission", "pk": 36, "fields": {"name": "Can view white_wine", "content_type": 9, "codename": "view_white_wine"}}, {"model": "auth.permission", "pk": 37, "fields": {"name": "Can add rose_wine", "content_type": 10, "codename": "add_rose_wine"}}, {"model": "auth.permission", "pk": 38, "fields": {"name": "Can change rose_wine", "content_type": 10, "codename": "change_rose_wine"}}, {"model": "auth.permission", "pk": 39, "fields": {"name": "Can delete rose_wine", "content_type": 10, "codename": "delete_rose_wine"}}, {"model": "auth.permission", "pk": 40, "fields": {"name": "Can view rose_wine", "content_type": 10, "codename": "view_rose_wine"}}, {"model": "auth.permission", "pk": 41, "fields": {"name": "Can add red_wine", "content_type": 11, "codename": "add_red_wine"}}, {"model": "auth.permission", "pk": 42, "fields": {"name": "Can change red_wine", "content_type": 11, "codename": "change_red_wine"}}, {"model": "auth.permission", "pk": 43, "fields": {"name": "Can delete red_wine", "content_type": 11, "codename": "delete_red_wine"}}, {"model": "auth.permission", "pk": 44, "fields": {"name": "Can view red_wine", "content_type": 11, "codename": "view_red_wine"}}, {"model": "auth.permission", "pk": 45, "fields": {"name": "Can add category", "content_type": 12, "codename": "add_category"}}, {"model": "auth.permission", "pk": 46, "fields": {"name": "Can change category", "content_type": 12, "codename": "change_category"}}, {"model": "auth.permission", "pk": 47, "fields": {"name": "Can delete category", "content_type": 12, "codename": "delete_category"}}, {"model": "auth.permission", "pk": 48, "fields": {"name": "Can view category", "content_type": 12, "codename": "view_category"}}, {"model": "auth.permission", "pk": 49, "fields": {"name": "Can add whiskey", "content_type": 13, "codename": "add_whiskey"}}, {"model": "auth.permission", "pk": 50, "fields": {"name": "Can change whiskey", "content_type": 13, "codename": "change_whiskey"}}, {"model": "auth.permission", "pk": 51, "fields": {"name": "Can delete whiskey", "content_type": 13, "codename": "delete_whiskey"}}, {"model": "auth.permission", "pk": 52, "fields": {"name": "Can view whiskey", "content_type": 13, "codename": "view_whiskey"}}, {"model": "auth.permission", "pk": 53, "fields": {"name": "Can add vodka", "content_type": 14, "codename": "add_vodka"}}, {"model": "auth.permission", "pk": 54, "fields": {"name": "Can change vodka", "content_type": 14, "codename": "change_vodka"}}, {"model": "auth.permission", "pk": 55, "fields": {"name": "Can delete vodka", "content_type": 14, "codename": "delete_vodka"}}, {"model": "auth.permission", "pk": 56, "fields": {"name": "Can view vodka", "content_type": 14, "codename": "view_vodka"}}, {"model": "auth.permission", "pk": 57, "fields": {"name": "Can add vermouth", "content_type": 15, "codename": "add_vermouth"}}, {"model": "auth.permission", "pk": 58, "fields": {"name": "Can change vermouth", "content_type": 15, "codename": "change_vermouth"}}, {"model": "auth.permission", "pk": 59, "fields": {"name": "Can delete vermouth", "content_type": 15, "codename": "delete_vermouth"}}, {"model": "auth.permission", "pk": 60, "fields": {"name": "Can view vermouth", "content_type": 15, "codename": "view_vermouth"}}, {"model": "auth.permission", "pk": 61, "fields": {"name": "Can add tequila", "content_type": 16, "codename": "add_tequila"}}, {"model": "auth.permission", "pk": 62, "fields": {"name": "Can change tequila", "content_type": 16, "codename": "change_tequila"}}, {"model": "auth.permission", "pk": 63, "fields": {"name": "Can delete tequila", "content_type": 16, "codename": "delete_tequila"}}, {"model": "auth.permission", "pk": 64, "fields": {"name": "Can view tequila", "content_type": 16, "codename": "view_tequila"}}, {"model": "auth.permission", "pk": 65, "fields": {"name": "Can add sparkling_ wine", "content_type": 17, "codename": "add_sparkling_wine"}}, {"model": "auth.permission", "pk": 66, "fields": {"name": "Can change sparkling_ wine", "content_type": 17, "codename": "change_sparkling_wine"}}, {"model": "auth.permission", "pk": 67, "fields": {"name": "Can delete sparkling_ wine", "content_type": 17, "codename": "delete_sparkling_wine"}}, {"model": "auth.permission", "pk": 68, "fields": {"name": "Can view sparkling_ wine", "content_type": 17, "codename": "view_sparkling_wine"}}, {"model": "auth.permission", "pk": 69, "fields": {"name": "Can add rum", "content_type": 18, "codename": "add_rum"}}, {"model": "auth.permission", "pk": 70, "fields": {"name": "Can change rum", "content_type": 18, "codename": "change_rum"}}, {"model": "auth.permission", "pk": 71, "fields": {"name": "Can delete rum", "content_type": 18, "codename": "delete_rum"}}, {"model": "auth.permission", "pk": 72, "fields": {"name": "Can view rum", "content_type": 18, "codename": "view_rum"}}, {"model": "auth.permission", "pk": 73, "fields": {"name": "Can add porto", "content_type": 19, "codename": "add_porto"}}, {"model": "auth.permission", "pk": 74, "fields": {"name": "Can change porto", "content_type": 19, "codename": "change_porto"}}, {"model": "auth.permission", "pk": 75, "fields": {"name": "Can delete porto", "content_type": 19, "codename": "delete_porto"}}, {"model": "auth.permission", "pk": 76, "fields": {"name": "Can view porto", "content_type": 19, "codename": "view_porto"}}, {"model": "auth.permission", "pk": 77, "fields": {"name": "Can add mezcal", "content_type": 20, "codename": "add_mezcal"}}, {"model": "auth.permission", "pk": 78, "fields": {"name": "Can change mezcal", "content_type": 20, "codename": "change_mezcal"}}, {"model": "auth.permission", "pk": 79, "fields": {"name": "Can delete mezcal", "content_type": 20, "codename": "delete_mezcal"}}, {"model": "auth.permission", "pk": 80, "fields": {"name": "Can view mezcal", "content_type": 20, "codename": "view_mezcal"}}, {"model": "auth.permission", "pk": 81, "fields": {"name": "Can add liquor", "content_type": 21, "codename": "add_liquor"}}, {"model": "auth.permission", "pk": 82, "fields": {"name": "Can change liquor", "content_type": 21, "codename": "change_liquor"}}, {"model": "auth.permission", "pk": 83, "fields": {"name": "Can delete liquor", "content_type": 21, "codename": "delete_liquor"}}, {"model": "auth.permission", "pk": 84, "fields": {"name": "Can view liquor", "content_type": 21, "codename": "view_liquor"}}, {"model": "auth.permission", "pk": 85, "fields": {"name": "Can add gin", "content_type": 22, "codename": "add_gin"}}, {"model": "auth.permission", "pk": 86, "fields": {"name": "Can change gin", "content_type": 22, "codename": "change_gin"}}, {"model": "auth.permission", "pk": 87, "fields": {"name": "Can delete gin", "content_type": 22, "codename": "delete_gin"}}, {"model": "auth.permission", "pk": 88, "fields": {"name": "Can view gin", "content_type": 22, "codename": "view_gin"}}, {"model": "auth.permission", "pk": 89, "fields": {"name": "Can add cocktail", "content_type": 23, "codename": "add_cocktail"}}, {"model": "auth.permission", "pk": 90, "fields": {"name": "Can change cocktail", "content_type": 23, "codename": "change_cocktail"}}, {"model": "auth.permission", "pk": 91, "fields": {"name": "Can delete cocktail", "content_type": 23, "codename": "delete_cocktail"}}, {"model": "auth.permission", "pk": 92, "fields": {"name": "Can view cocktail", "content_type": 23, "codename": "view_cocktail"}}, {"model": "auth.permission", "pk": 93, "fields": {"name": "Can add bitter", "content_type": 24, "codename": "add_bitter"}}, {"model": "auth.permission", "pk": 94, "fields": {"name": "Can change bitter", "content_type": 24, "codename": "change_bitter"}}, {"model": "auth.permission", "pk": 95, "fields": {"name": "Can delete bitter", "content_type": 24, "codename": "delete_bitter"}}, {"model": "auth.permission", "pk": 96, "fields": {"name": "Can view bitter", "content_type": 24, "codename": "view_bitter"}}, {"model": "auth.permission", "pk": 97, "fields": {"name": "Can add post", "content_type": 25, "codename": "add_post"}}, {"model": "auth.permission", "pk": 98, "fields": {"name": "Can change post", "content_type": 25, "codename": "change_post"}}, {"model": "auth.permission", "pk": 99, "fields": {"name": "Can delete post", "content_type": 25, "codename": "delete_post"}}, {"model": "auth.permission", "pk": 100, "fields": {"name": "Can view post", "content_type": 25, "codename": "view_post"}}, {"model": "auth.permission", "pk": 101, "fields": {"name": "Can add post category", "content_type": 26, "codename": "add_postcategory"}}, {"model": "auth.permission", "pk": 102, "fields": {"name": "Can change post category", "content_type": 26, "codename": "change_postcategory"}}, {"model": "auth.permission", "pk": 103, "fields": {"name": "Can delete post category", "content_type": 26, "codename": "delete_postcategory"}}, {"model": "auth.permission", "pk": 104, "fields": {"name": "Can view post category", "content_type": 26, "codename": "view_postcategory"}}, {"model": "auth.permission", "pk": 105, "fields": {"name": "Can add profile", "content_type": 27, "codename": "add_profile"}}, {"model": "auth.permission", "pk": 106, "fields": {"name": "Can change profile", "content_type": 27, "codename": "change_profile"}}, {"model": "auth.permission", "pk": 107, "fields": {"name": "Can delete profile", "content_type": 27, "codename": "delete_profile"}}, {"model": "auth.permission", "pk": 108, "fields": {"name": "Can view profile", "content_type": 27, "codename": "view_profile"}}, {"model": "auth.permission", "pk": 109, "fields": {"name": "Can add comment", "content_type": 28, "codename": "add_comment"}}, {"model": "auth.permission", "pk": 110, "fields": {"name": "Can change comment", "content_type": 28, "codename": "change_comment"}}, {"model": "auth.permission", "pk": 111, "fields": {"name": "Can delete comment", "content_type": 28, "codename": "delete_comment"}}, {"model": "auth.permission", "pk": 112, "fields": {"name": "Can view comment", "content_type": 28, "codename": "view_comment"}}, {"model": "auth.permission", "pk": 113, "fields": {"name": "Can add work place", "content_type": 29, "codename": "add_workplace"}}, {"model": "auth.permission", "pk": 114, "fields": {"name": "Can change work place", "content_type": 29, "codename": "change_workplace"}}, {"model": "auth.permission", "pk": 115, "fields": {"name": "Can delete work place", "content_type": 29, "codename": "delete_workplace"}}, {"model": "auth.permission", "pk": 116, "fields": {"name": "Can view work place", "content_type": 29, "codename": "view_workplace"}}, {"model": "auth.permission", "pk": 117, "fields": {"name": "Can add work place", "content_type": 30, "codename": "add_workplace"}}, {"model": "auth.permission", "pk": 118, "fields": {"name": "Can change work place", "content_type": 30, "codename": "change_workplace"}}, {"model": "auth.permission", "pk": 119, "fields": {"name": "Can delete work place", "content_type": 30, "codename": "delete_workplace"}}, {"model": "auth.permission", "pk": 120, "fields": {"name": "Can view work place", "content_type": 30, "codename": "view_workplace"}}, {"model": "auth.permission", "pk": 121, "fields": {"name": "Can add question", "content_type": 31, "codename": "add_question"}}, {"model": "auth.permission", "pk": 122, "fields": {"name": "Can change question", "content_type": 31, "codename": "change_question"}}, {"model": "auth.permission", "pk": 123, "fields": {"name": "Can delete question", "content_type": 31, "codename": "delete_question"}}, {"model": "auth.permission", "pk": 124, "fields": {"name": "Can view question", "content_type": 31, "codename": "view_question"}}, {"model": "auth.permission", "pk": 125, "fields": {"name": "Can add choice", "content_type": 32, "codename": "add_choice"}}, {"model": "auth.permission", "pk": 126, "fields": {"name": "Can change choice", "content_type": 32, "codename": "change_choice"}}, {"model": "auth.permission", "pk": 127, "fields": {"name": "Can delete choice", "content_type": 32, "codename": "delete_choice"}}, {"model": "auth.permission", "pk": 128, "fields": {"name": "Can view choice", "content_type": 32, "codename": "view_choice"}}, {"model": "auth.user", "pk": 10, "fields": {"password": "pbkdf2_sha256$260000$1bBrEdnLj4n2FWCgWlYQA4$+vzLB9VOavpoIMsjpdJr9xgcPrIRFz1jJBSLCSN1OH0=", "last_login": "2021-11-17T19:41:28.375Z", "is_superuser": true, "username": "admin", "first_name": "Ivan", "last_name": "Alexeev", "email": "alexeevivan92@gmail.com", "is_staff": true, "is_active": true, "date_joined": "2021-05-26T16:33:02Z", "groups": [], "user_permissions": []}}, {"model": "auth.user", "pk": 24, "fields": {"password": "pbkdf2_sha256$150000$rPZoZRH0p9Ej$KhHbOmTyTlGG7nBWKFnGe3HutePLuE5+uP+DgNeqYaY=", "last_login": "2021-07-21T21:17:39.243Z", "is_superuser": true, "username": "alexeevivan", "first_name": "", "last_name": "", "email": "alexeevivan92@gmail.com", "is_staff": true, "is_active": true, "date_joined": "2021-07-21T21:17:19.478Z", "groups": [], "user_permissions": []}}, {"model": "auth.user", "pk": 25, "fields": {"password": "pbkdf2_sha256$150000$uXgSdpvIgKOk$EE+2itAxe0SD4A50uXvc8//fKFez0T0+YMnGMDu4RzU=", "last_login": "2021-07-28T20:22:31.412Z", "is_superuser": false, "username": "ivan", "first_name": "test", "last_name": "test", "email": "test@gmail.com", "is_staff": false, "is_active": true, "date_joined": "2021-07-28T20:22:26.311Z", "groups": [], "user_permissions": []}}, {"model": "auth.user", "pk": 26, "fields": {"password": "pbkdf2_sha256$150000$cUz66T5WEqgh$+EZ7d9jdKKXVWlt7ykLzeUt37W3w5SlhRt/tGB/Fno0=", "last_login": "2021-08-16T19:21:09.550Z", "is_superuser": false, "username": "bob7", "first_name": "bob", "last_name": "bob", "email": "bob@gmail.com", "is_staff": false, "is_active": true, "date_joined": "2021-08-06T13:00:41.924Z", "groups": [], "user_permissions": []}}, {"model": "auth.user", "pk": 27, "fields": {"password": "pbkdf2_sha256$150000$IEJ0kQfEwY53$xZ4NHTHOjkBbIKR16jC4jRfyu4tqPpPUEXwOMZC69zU=", "last_login": "2021-08-06T13:52:07.585Z", "is_superuser": false, "username": "bob77", "first_name": "bob", "last_name": "bob", "email": "bob@bob.com", "is_staff": false, "is_active": true, "date_joined": "2021-08-06T13:52:03.721Z", "groups": [], "user_permissions": []}}, {"model": "auth.user", "pk": 28, "fields": {"password": "pbkdf2_sha256$260000$bXUISTMAnOkqcBJjRjdEH9$ld/wtLGFJOvP6WBzt+la2ym7Q2nlVNXpy7G8Oy22biA=", "last_login": "2021-11-17T19:36:22.498Z", "is_superuser": false, "username": "addmin", "first_name": "11", "last_name": "11", "email": "1122@gmail.com", "is_staff": false, "is_active": true, "date_joined": "2021-09-21T09:55:55.605Z", "groups": [], "user_permissions": []}}, {"model": "contenttypes.contenttype", "pk": 1, "fields": {"app_label": "admin", "model": "logentry"}}, {"model": "contenttypes.contenttype", "pk": 2, "fields": {"app_label": "auth", "model": "permission"}}, {"model": "contenttypes.contenttype", "pk": 3, "fields": {"app_label": "auth", "model": "group"}}, {"model": "contenttypes.contenttype", "pk": 4, "fields": {"app_label": "auth", "model": "user"}}, {"model": "contenttypes.contenttype", "pk": 5, "fields": {"app_label": "contenttypes", "model": "contenttype"}}, {"model": "contenttypes.contenttype", "pk": 6, "fields": {"app_label": "sessions", "model": "session"}}, {"model": "contenttypes.contenttype", "pk": 7, "fields": {"app_label": "captcha", "model": "captchastore"}}, {"model": "contenttypes.contenttype", "pk": 8, "fields": {"app_label": "mainapp", "model": "champagne"}}, {"model": "contenttypes.contenttype", "pk": 9, "fields": {"app_label": "mainapp", "model": "white_wine"}}, {"model": "contenttypes.contenttype", "pk": 10, "fields": {"app_label": "mainapp", "model": "rose_wine"}}, {"model": "contenttypes.contenttype", "pk": 11, "fields": {"app_label": "mainapp", "model": "red_wine"}}, {"model": "contenttypes.contenttype", "pk": 12, "fields": {"app_label": "mainapp", "model": "category"}}, {"model": "contenttypes.contenttype", "pk": 13, "fields": {"app_label": "mainapp", "model": "whiskey"}}, {"model": "contenttypes.contenttype", "pk": 14, "fields": {"app_label": "mainapp", "model": "vodka"}}, {"model": "contenttypes.contenttype", "pk": 15, "fields": {"app_label": "mainapp", "model": "vermouth"}}, {"model": "contenttypes.contenttype", "pk": 16, "fields": {"app_label": "mainapp", "model": "tequila"}}, {"model": "contenttypes.contenttype", "pk": 17, "fields": {"app_label": "mainapp", "model": "sparkling_wine"}}, {"model": "contenttypes.contenttype", "pk": 18, "fields": {"app_label": "mainapp", "model": "rum"}}, {"model": "contenttypes.contenttype", "pk": 19, "fields": {"app_label": "mainapp", "model": "porto"}}, {"model": "contenttypes.contenttype", "pk": 20, "fields": {"app_label": "mainapp", "model": "mezcal"}}, {"model": "contenttypes.contenttype", "pk": 21, "fields": {"app_label": "mainapp", "model": "liquor"}}, {"model": "contenttypes.contenttype", "pk": 22, "fields": {"app_label": "mainapp", "model": "gin"}}, {"model": "contenttypes.contenttype", "pk": 23, "fields": {"app_label": "mainapp", "model": "cocktail"}}, {"model": "contenttypes.contenttype", "pk": 24, "fields": {"app_label": "mainapp", "model": "bitter"}}, {"model": "contenttypes.contenttype", "pk": 25, "fields": {"app_label": "mainapp", "model": "post"}}, {"model": "contenttypes.contenttype", "pk": 26, "fields": {"app_label": "mainapp", "model": "postcategory"}}, {"model": "contenttypes.contenttype", "pk": 27, "fields": {"app_label": "mainapp", "model": "profile"}}, {"model": "contenttypes.contenttype", "pk": 28, "fields": {"app_label": "mainapp", "model": "comment"}}, {"model": "contenttypes.contenttype", "pk": 29, "fields": {"app_label": "members", "model": "workplace"}}, {"model": "contenttypes.contenttype", "pk": 30, "fields": {"app_label": "mainapp", "model": "workplace"}}, {"model": "contenttypes.contenttype", "pk": 31, "fields": {"app_label": "polls", "model": "question"}}, {"model": "contenttypes.contenttype", "pk": 32, "fields": {"app_label": "polls", "model": "choice"}}, {"model": "sessions.session", "pk": "0jrhsytue741p9lk0febb3evfgde9s7n", "fields": {"session_data": "NmVkODQzMDUzNzFjYTU1ODIwNDNkNTJmZGFmMzIyNTgxZGZiN2MyNTp7Il9hdXRoX3VzZXJfaWQiOiIxMCIsIl9hdXRoX3VzZXJfYmFja2VuZCI6ImRqYW5nby5jb250cmliLmF1dGguYmFja2VuZHMuTW9kZWxCYWNrZW5kIiwiX2F1dGhfdXNlcl9oYXNoIjoiN2U1NTg2ODljZjBhOWIwYjlkYTIzNjViYTk4ZGJmYzI1YWNkNGMyNyJ9", "expire_date": "2021-07-20T23:35:56.025Z"}}, {"model": "sessions.session", "pk": "213lf893ssrbmwgstoteq6n91kq076tr", "fields": {"session_data": "e30:1llzuN:py_wmD6Gozltgi8_jcmSvcAa3eukcg8-cZCG1qc2ScE", "expire_date": "2021-06-09T20:13:39.749Z"}}, {"model": "sessions.session", "pk": "33m25xa7q4di1pr5hjqzhhwh5vm7e9c1", "fields": {"session_data": "ZDRmZWYwMDZkOGFjZTEyYTBjNDUzZGU1NWZlMmQwM2M5ZjkyYTMxNzp7Il9hdXRoX3VzZXJfaWQiOiIxMCIsIl9hdXRoX3VzZXJfYmFja2VuZCI6ImRqYW5nby5jb250cmliLmF1dGguYmFja2VuZHMuTW9kZWxCYWNrZW5kIiwiX2F1dGhfdXNlcl9oYXNoIjoiYzVlZDA2MTQ0NjgwNWQ3MTc0YmFmYjBkYTU2ZmU1MDg4MzBkNGYzYSJ9", "expire_date": "2021-10-05T09:50:12.629Z"}}, {"model": "sessions.session", "pk": "6g7xp5waobju83vvlkkx6eiypjo2j2wg", "fields": {"session_data": "e30:1lm01r:wnbivUVeHyz9dTyv8ny_rAWuBjSAwLSgczKyen84PqE", "expire_date": "2021-06-09T20:21:23.058Z"}}, {"model": "sessions.session", "pk": "7ijb3qhq133993a940rxyle2gb50gq0g", "fields": {"session_data": "e30:1llzWA:xxNkiEv2iT9Dt8TmU9TeTCJc_g4NxyBGeutf01KdTKQ", "expire_date": "2021-06-09T19:48:38.108Z"}}, {"model": "sessions.session", "pk": "9ulemthv6lw1pbz5ygu7ui7pf8iwr9c1", "fields": {"session_data": "ZDRmZWYwMDZkOGFjZTEyYTBjNDUzZGU1NWZlMmQwM2M5ZjkyYTMxNzp7Il9hdXRoX3VzZXJfaWQiOiIxMCIsIl9hdXRoX3VzZXJfYmFja2VuZCI6ImRqYW5nby5jb250cmliLmF1dGguYmFja2VuZHMuTW9kZWxCYWNrZW5kIiwiX2F1dGhfdXNlcl9oYXNoIjoiYzVlZDA2MTQ0NjgwNWQ3MTc0YmFmYjBkYTU2ZmU1MDg4MzBkNGYzYSJ9", "expire_date": "2021-09-19T06:45:36.494Z"}}, {"model": "sessions.session", "pk": "bjlvssa4jtxv1npeezrw2865qp3vs3iq", "fields": {"session_data": "e30:1llzov:H2jycMKwPmKDRk7smV7Ln5IkaLNGaleYetg-TJ3ANbw", "expire_date": "2021-06-09T20:08:01.776Z"}}, {"model": "sessions.session", "pk": "e8uze7o5uv1d6j6q4d5m5yuu56iij1rz", "fields": {"session_data": "e30:1llzoT:Kauh40y3c_bpAAoVYtFspSb4f16NXezj1A81-fsVhIg", "expire_date": "2021-06-09T20:07:33.061Z"}}, {"model": "sessions.session", "pk": "lito4f3rn7xgw9ft9mwjao6bpxx4n414", "fields": {"session_data": "MjA0NmQyZjcwYTc3MjczZWJhMGRjNWU3MzgzOTZhNDQ1NGJkY2Q0YTp7Il9hdXRoX3VzZXJfaWQiOiIxMCIsIl9hdXRoX3VzZXJfYmFja2VuZCI6ImRqYW5nby5jb250cmliLmF1dGguYmFja2VuZHMuTW9kZWxCYWNrZW5kIiwiX2F1dGhfdXNlcl9oYXNoIjoiZDBhOWI1YWJkZDY4ODliY2EwNDhlZDMwOTM1NDM4OGNmNTgyYjFhZSJ9", "expire_date": "2021-08-04T20:52:28.088Z"}}, {"model": "sessions.session", "pk": "ptwjbr28utqm4p6ix7roemuf0mtud2ec", "fields": {"session_data": "e30:1llzeP:HJWPS3ijw66xHKjjkZMnee6_Msc0Xs0nmkgwd1-lm2c", "expire_date": "2021-06-09T19:57:09.407Z"}}, {"model": "sessions.session", "pk": "uwbdx98nfo8vbtw78oabxuefkqptw91v", "fields": {"session_data": "ZDRmZWYwMDZkOGFjZTEyYTBjNDUzZGU1NWZlMmQwM2M5ZjkyYTMxNzp7Il9hdXRoX3VzZXJfaWQiOiIxMCIsIl9hdXRoX3VzZXJfYmFja2VuZCI6ImRqYW5nby5jb250cmliLmF1dGguYmFja2VuZHMuTW9kZWxCYWNrZW5kIiwiX2F1dGhfdXNlcl9oYXNoIjoiYzVlZDA2MTQ0NjgwNWQ3MTc0YmFmYjBkYTU2ZmU1MDg4MzBkNGYzYSJ9", "expire_date": "2021-08-30T19:57:52.914Z"}}, {"model": "sessions.session", "pk": "vkj0o3ljoledepkleovk8jw5fqzrmw69", "fields": {"session_data": "e30:1llzxD:phoqpwUXa7lcNIfvT9rJy8N-O3hPk9442jpAicKb9IY", "expire_date": "2021-06-09T20:16:35.613Z"}}, {"model": "sessions.session", "pk": "x7rkae5j4oirxcmwvt1n87m42h9eukn4", "fields": {"session_data": ".eJxVjEEOwiAQRe_C2pC2zCB16b5nIAMzSNVAUtqV8e7apAvd_vfefylP25r91mTxM6uL6jt1-h0DxYeUnfCdyq3qWMu6zEHvij5o01NleV4P9-8gU8vfWqSnYE0czmSdGCZ0ADCKSSNLIIzQGY6DZZccIyYQBGIEhxbESlDvDyZWONY:1mnQoC:UnD_EwD5mStNwDh5LSmhhAUEdyBgyZ-r0Jx-PsebMyo", "expire_date": "2021-12-01T19:41:28.377Z"}}, {"model": "sessions.session", "pk": "z1isgjwuaty48sk26j9nxmjbw4ekkk13", "fields": {"session_data": "e30:1llzwo:OTCpSSe6eNOZJEL0B8e42r1FwvPCphMbip63B8eyPqk", "expire_date": "2021-06-09T20:16:10.702Z"}}, {"model": "sessions.session", "pk": "zdmgvyp6hc9x2n1jyle0ls523vgx85t4", "fields": {"session_data": "ZDRmZWYwMDZkOGFjZTEyYTBjNDUzZGU1NWZlMmQwM2M5ZjkyYTMxNzp7Il9hdXRoX3VzZXJfaWQiOiIxMCIsIl9hdXRoX3VzZXJfYmFja2VuZCI6ImRqYW5nby5jb250cmliLmF1dGguYmFja2VuZHMuTW9kZWxCYWNrZW5kIiwiX2F1dGhfdXNlcl9oYXNoIjoiYzVlZDA2MTQ0NjgwNWQ3MTc0YmFmYjBkYTU2ZmU1MDg4MzBkNGYzYSJ9", "expire_date": "2021-10-24T19:51:41.958Z"}}, {"model": "sessions.session", "pk": "zj8a3hh7b9rom0hvqhoiub7oemjnk8aa", "fields": {"session_data": ".eJxVjMsOwiAQRf-FtSEML8Gl-34DGRiQqoGktCvjv2uTLnR7zzn3xQJuaw3byEuYiV0YCHb6HSOmR247oTu2W-ept3WZI98VftDBp075eT3cv4OKo35rRQQiOSPPUutUCiIp7WQy3jnQgBKid0lYbwvJTGC0QBJYvLIIVjn2_gD56jeY:1ln37b:3K82XyUdBHpYoTo4fFY4lMVDzynyPIQ4Og7nm71QgG4", "expire_date": "2021-06-12T17:51:39.377Z"}}, {"model": "mainapp.category", "pk": 1, "fields": {"name": "Champagne", "slug": "champagne"}}, {"model": "mainapp.category", "pk": 2, "fields": {"name": "Red Wine", "slug": "red_wine"}}, {"model": "mainapp.category", "pk": 3, "fields": {"name": "Rose Wine", "slug": "rose_wine"}}, {"model": "mainapp.category", "pk": 4, "fields": {"name": "White wine", "slug": "white_wine"}}, {"model": "mainapp.category", "pk": 5, "fields": {"name": "Sparkling Wine", "slug": "sparkling_wine"}}, {"model": "mainapp.category", "pk": 6, "fields": {"name": "Porto", "slug": "porto"}}, {"model": "mainapp.category", "pk": 7, "fields": {"name": "Bitter", "slug": "bitter"}}, {"model": "mainapp.category", "pk": 8, "fields": {"name": "Vermouth", "slug": "vermouth"}}, {"model": "mainapp.category", "pk": 9, "fields": {"name": "Whiskey", "slug": "whiskey"}}, {"model": "mainapp.category", "pk": 10, "fields": {"name": "Rum", "slug": "rum"}}, {"model": "mainapp.category", "pk": 11, "fields": {"name": "Tequila", "slug": "tequila"}}, {"model": "mainapp.category", "pk": 12, "fields": {"name": "Mezcal", "slug": "mezcal"}}, {"model": "mainapp.category", "pk": 13, "fields": {"name": "Gin", "slug": "gin"}}, {"model": "mainapp.category", "pk": 14, "fields": {"name": "Vodka", "slug": "vodka"}}, {"model": "mainapp.category", "pk": 15, "fields": {"name": "Liquor", "slug": "liquor"}}, {"model": "mainapp.category", "pk": 16, "fields": {"name": "Cocktail", "slug": "cocktail"}}, {"model": "mainapp.champagne", "pk": 1, "fields": {"category": 1, "title": "Moet & Chandon. Brut ⟪Imperial⟫", "slug": "champagne", "image": "moet-chandon-brut-imperial-magnum-563984.jpg", "description": "test", "price": "1010.00", "spirit_type": "test", "country_of_manufacturing": "test", "region": "test", "vintage": "test", "alcohol": "test", "value": "test", "grape": "test", "color": "tes", "flavour": "tes", "taste": "tes", "body": "tes", "gastronomic": "tes", "cocktails": null, "serving": "tes", "manufacturer": "tes", "manufacturer_site": "tes", "provider": "tes"}}, {"model": "mainapp.post", "pk": 21, "fields": {"title": "new test", "author": 10, "body": "<p>new test</p>", "uploaded_image": "", "short_description": "new test", "pub_date": "2021-08-11", "post_category": "Заведения", "like": []}}, {"model": "mainapp.post", "pk": 22, "fields": {"title": "new test", "author": 10, "body": "<p>new test</p>", "uploaded_image": "", "short_description": "new test", "pub_date": "2021-08-11", "post_category": "Рецептуры коктейлей", "like": []}}, {"model": "mainapp.post", "pk": 23, "fields": {"title": "for test", "author": 10, "body": "<p>for testfor testfor testfor testfor testfor testfor testfor testfor testfor testfor testfor testfor testfor testfor testfor testfor testfor test</p>", "uploaded_image": "", "short_description": "for test", "pub_date": "2021-08-12", "post_category": "Новая категория", "like": [10, 26]}}, {"model": "mainapp.post", "pk": 24, "fields": {"title": "bob's theme", "author": 26, "body": "<p>bob&#39;s theme</p>", "uploaded_image": "", "short_description": "bob's theme", "pub_date": "2021-08-12", "post_category": "Новая категория", "like": [10]}}, {"model": "mainapp.postcategory", "pk": 1, "fields": {"name": "Рецептуры напитков"}}, {"model": "mainapp.postcategory", "pk": 2, "fields": {"name": "Заведения"}}, {"model": "mainapp.postcategory", "pk": 9, "fields": {"name": "test"}}, {"model": "mainapp.postcategory", "pk": 10, "fields": {"name": "Рецептуры коктейлей"}}, {"model": "mainapp.postcategory", "pk": 12, "fields": {"name": "Новая категория"}}, {"model": "mainapp.postcategory", "pk": 13, "fields": {"name": "New category"}}, {"model": "mainapp.profile", "pk": 1, "fields": {"user": 10, "bio": "Что-то невообразимое", "workplace": "новое место работы", "profile_img": "", "instagram_url": null, "vk_url": "www.vk.com", "facebook_url": null, "twitter_url": null}}, {"model": "mainapp.profile", "pk": 2, "fields": {"user": 26, "bio": "some bio", "workplace": "Усадьба 1", "profile_img": "", "instagram_url": null, "vk_url": null, "facebook_url": null, "twitter_url": null}}, {"model": "mainapp.comment", "pk": 61, "fields": {"post": 21, "name": "name", "body": "test1", "date_added": "2021-08-11T00:37:09.366Z"}}, {"model": "mainapp.comment", "pk": 62, "fields": {"post": 21, "name": "name", "body": "test2", "date_added": "2021-08-11T00:37:38.681Z"}}, {"model": "mainapp.comment", "pk": 63, "fields": {"post": 22, "name": "name", "body": "1", "date_added": "2021-08-11T02:00:35.983Z"}}, {"model": "mainapp.comment", "pk": 64, "fields": {"post": 24, "name": "name", "body": "jhjbhjb", "date_added": "2021-08-12T11:08:48.752Z"}}, {"model": "mainapp.comment", "pk": 65, "fields": {"post": 23, "name": "name", "body": "роило", "date_added": "2021-08-12T13:54:45.811Z"}}, {"model": "mainapp.comment", "pk": 66, "fields": {"post": 21, "name": "name", "body": "r", "date_added": "2021-08-24T04:02:58.389Z"}}, {"model": "mainapp.comment", "pk": 67, "fields": {"post": 23, "name": "name", "body": "rrr", "date_added": "2021-08-24T04:03:22.410Z"}}, {"model": "mainapp.comment", "pk": 68, "fields": {"post": 21, "name": "nj", "body": "bj", "date_added": "2021-08-24T04:05:14.784Z"}}, {"model": "mainapp.comment", "pk": 69, "fields": {"post": 21, "name": "njn", "body": "njnknknnkn", "date_added": "2021-08-24T04:06:01.275Z"}}, {"model": "mainapp.comment", "pk": 70, "fields": {"post": 24, "name": "12", "body": "12", "date_added": "2021-08-24T04:06:45.989Z"}}, {"model": "mainapp.comment", "pk": 71, "fields": {"post": 24, "name": "55", "body": "55", "date_added": "2021-08-24T04:07:55.235Z"}}]